Researcher_A,Researcher_B,Co_Publications
Huang Y.,Lin M.,2
Tao K.,Zhou J.,1
Wang T.,Wen Z.,1
Wang T.,Zhang Z.,1
Wang T.,Zhou J.,1
Wen Z.,Zhang Z.,1
Wen Z.,Zhou J.,1
Zhang Z.,Zhou J.,1
Beigi M.,Huang L.,1
Beigi M.,Jin M.,1
Huang L.,Jin M.,1
Bullwinkel B.,Kim E.,1
Bullwinkel B.,Minnich A.,1
Bullwinkel B.,Russinovich M.,1
Kim E.,Minnich A.,1
Kim E.,Russinovich M.,1
Minnich A.,Russinovich M.,1
Huang W.,Qian S.,1
Huang W.,Wang X.,1
Huang W.,Wang Y.,1
Huang W.,Zhang F.,1
Huang W.,Zhu L.,1
Huang Y.,Li Y.,1
Huang Y.,Liu Y.,1
Huang Y.,Qi X.,1
Huang Y.,Qian S.,1
Huang Y.,Wang X.,1
Huang Y.,Wang Y.,1
Huang Y.,Zhang F.,1
Huang Y.,Zhu L.,1
Li Y.,Lin M.,1
Li Y.,Liu Y.,1
Li Y.,Qi X.,1
Li Y.,Qian S.,1
Li Y.,Wang X.,1
Li Y.,Wang Y.,1
Li Y.,Zhang F.,1
Li Y.,Zhu L.,1
Lin M.,Liu Y.,1
Lin M.,Qi X.,1
Lin M.,Qian S.,1
Lin M.,Wang X.,1
Lin M.,Wang Y.,1
Lin M.,Zhang F.,1
Lin M.,Zhu L.,1
Liu Y.,Qi X.,1
Liu Y.,Qian S.,1
Liu Y.,Wang X.,1
Liu Y.,Wang Y.,1
Liu Y.,Zhang F.,1
Liu Y.,Zhu L.,1
Qi X.,Qian S.,1
Qi X.,Wang X.,1
Qi X.,Wang Y.,1
Qi X.,Zhang F.,1
Qi X.,Zhu L.,1
Qian S.,Wang X.,1
Qian S.,Wang Y.,1
Qian S.,Zhang F.,1
Qian S.,Zhu L.,1
Wang X.,Wang Y.,1
Wang X.,Zhang F.,1
Wang X.,Zhu L.,1
Wang Y.,Zhang F.,1
Wang Y.,Zhu L.,1
Zhang F.,Zhu L.,1
Bolychev A.,Ibrahim S.,1
Bolychev A.,Malaniya G.,1
Bolychev A.,Osinenko P.,1
Ibrahim S.,Malaniya G.,1
Ibrahim S.,Osinenko P.,1
Malaniya G.,Osinenko P.,1
Chen K.,Huang J.,1
Chen K.,Kiggins A.,1
Chen K.,Wang X.,1
Chen K.,Wu Y.,1
Chen K.,Xi X.,1
Chen K.,Zhuang D.,1
Huang J.,Kiggins A.,1
Huang J.,Wang X.,1
Huang J.,Wu Y.,1
Huang J.,Xi X.,1
Huang J.,Zhuang D.,1
Kiggins A.,Wang X.,1
Kiggins A.,Wu Y.,1
Kiggins A.,Xi X.,1
Kiggins A.,Zhuang D.,1
Wang X.,Wu Y.,1
Wang X.,Xi X.,1
Wang X.,Zhuang D.,1
Wu Y.,Xi X.,1
Wu Y.,Zhuang D.,1
Xi X.,Zhuang D.,1
Cai J.,Chu S.,1
Cai J.,Kang J.,1
Cai J.,Liang Z.,1
Cai J.,Ling L.,1
Cai J.,Liu Z.,1
Cai J.,Mao Y.,1
Cai J.,Mu Y.,1
Cai J.,Xu W.,1
Cai J.,Yang X.,1
Cai J.,Ying R.,1
Cai J.,Zhang W.,1
Cai J.,Zheng R.,1
Chu S.,Kang J.,1
Chu S.,Liang Z.,1
Chu S.,Ling L.,1
Chu S.,Liu Z.,1
Chu S.,Mao Y.,1
Chu S.,Mu Y.,1
Chu S.,Xu W.,1
Chu S.,Yang X.,1
Chu S.,Ying R.,1
Chu S.,Zhang W.,1
Chu S.,Zheng R.,1
Kang J.,Liang Z.,1
Kang J.,Ling L.,1
Kang J.,Liu Z.,1
Kang J.,Mao Y.,1
Kang J.,Mu Y.,1
Kang J.,Xu W.,1
Kang J.,Yang X.,1
Kang J.,Ying R.,1
Kang J.,Zhang W.,1
Kang J.,Zheng R.,1
Liang Z.,Ling L.,1
Liang Z.,Liu Z.,1
Liang Z.,Mao Y.,1
Liang Z.,Mu Y.,1
Liang Z.,Xu W.,1
Liang Z.,Yang X.,1
Liang Z.,Ying R.,1
Liang Z.,Zhang W.,1
Liang Z.,Zheng R.,1
Ling L.,Liu Z.,1
Ling L.,Mao Y.,1
Ling L.,Mu Y.,1
Ling L.,Xu W.,1
Ling L.,Yang X.,1
Ling L.,Ying R.,1
Ling L.,Zhang W.,1
Ling L.,Zheng R.,1
Liu Z.,Mao Y.,1
Liu Z.,Mu Y.,1
Liu Z.,Xu W.,1
Liu Z.,Yang X.,1
Liu Z.,Ying R.,1
Liu Z.,Zhang W.,1
Liu Z.,Zheng R.,1
Mao Y.,Mu Y.,1
Mao Y.,Xu W.,1
Mao Y.,Yang X.,1
Mao Y.,Ying R.,1
Mao Y.,Zhang W.,1
Mao Y.,Zheng R.,1
Mu Y.,Xu W.,1
Mu Y.,Yang X.,1
Mu Y.,Ying R.,1
Mu Y.,Zhang W.,1
Mu Y.,Zheng R.,1
Xu W.,Yang X.,1
Xu W.,Ying R.,1
Xu W.,Zhang W.,1
Xu W.,Zheng R.,1
Yang X.,Ying R.,1
Yang X.,Zhang W.,1
Yang X.,Zheng R.,1
Ying R.,Zhang W.,1
Ying R.,Zheng R.,1
Zhang W.,Zheng R.,1
Akhtar M.,Batzner J.,1
Akhtar M.,Biderman S.,1
Akhtar M.,Chim J.,1
Akhtar M.,Choshen L.,1
Akhtar M.,Dhar R.,1
Akhtar M.,Friedrich F.,1
Akhtar M.,Ghosh A.,1
Akhtar M.,Gohar U.,1
Akhtar M.,Habba E.,1
Akhtar M.,Hao Y.,1
Akhtar M.,Hardy M.,1
Akhtar M.,Heath N.,1
Akhtar M.,Hofmann A.,1
Akhtar M.,Huang Y.,1
Akhtar M.,Jernite Y.,1
Akhtar M.,Ji J.,1
Akhtar M.,Jiang Y.,1
Akhtar M.,Kennedy W.,1
Akhtar M.,Khire I.,1
Akhtar M.,Klyman K.,1
Akhtar M.,Kochenderfer M.,1
Akhtar M.,Kornilova A.,1
Akhtar M.,Koyejo S.,1
Akhtar M.,Lamparth M.,1
Akhtar M.,Lin M.,1
Akhtar M.,Loehr A.,1
Akhtar M.,Long Y.,1
Akhtar M.,Manghnani K.,1
Akhtar M.,Manheim D.,1
Akhtar M.,Mickel J.,1
Akhtar M.,Mishra A.,1
Akhtar M.,Moniz N.,1
Akhtar M.,Nelaturu S.,1
Akhtar M.,Reuel A.,1
Akhtar M.,Riegler M.,1
Akhtar M.,Rismani S.,1
Akhtar M.,Saha A.,1
Akhtar M.,Sahoo S.,1
Akhtar M.,Sania J.,1
Akhtar M.,Sharma D.,1
Akhtar M.,Sinha A.,1
Akhtar M.,Solaiman I.,1
Akhtar M.,Stachura D.,1
Akhtar M.,Talat Z.,1
Akhtar M.,Tran A.,1
Akhtar M.,Yadav S.,1
Akhtar M.,Yehudai A.,1
Batzner J.,Biderman S.,1
Batzner J.,Chim J.,1
Batzner J.,Choshen L.,1
Batzner J.,Dhar R.,1
Batzner J.,Friedrich F.,1
Batzner J.,Ghosh A.,1
Batzner J.,Gohar U.,1
Batzner J.,Habba E.,1
Batzner J.,Hao Y.,1
Batzner J.,Hardy M.,1
Batzner J.,Heath N.,1
Batzner J.,Hofmann A.,1
Batzner J.,Huang Y.,1
Batzner J.,Jernite Y.,1
Batzner J.,Ji J.,1
Batzner J.,Jiang Y.,1
Batzner J.,Kennedy W.,1
Batzner J.,Khire I.,1
Batzner J.,Klyman K.,1
Batzner J.,Kochenderfer M.,1
Batzner J.,Kornilova A.,1
Batzner J.,Koyejo S.,1
Batzner J.,Lamparth M.,1
Batzner J.,Lin M.,1
Batzner J.,Loehr A.,1
Batzner J.,Long Y.,1
Batzner J.,Manghnani K.,1
Batzner J.,Manheim D.,1
Batzner J.,Mickel J.,1
Batzner J.,Mishra A.,1
Batzner J.,Moniz N.,1
Batzner J.,Nelaturu S.,1
Batzner J.,Reuel A.,1
Batzner J.,Riegler M.,1
Batzner J.,Rismani S.,1
Batzner J.,Saha A.,1
Batzner J.,Sahoo S.,1
Batzner J.,Sania J.,1
Batzner J.,Sharma D.,1
Batzner J.,Sinha A.,1
Batzner J.,Solaiman I.,1
Batzner J.,Stachura D.,1
Batzner J.,Talat Z.,1
Batzner J.,Tran A.,1
Batzner J.,Yadav S.,1
Batzner J.,Yehudai A.,1
Biderman S.,Chim J.,1
Biderman S.,Choshen L.,1
Biderman S.,Dhar R.,1
Biderman S.,Friedrich F.,1
Biderman S.,Ghosh A.,1
Biderman S.,Gohar U.,1
Biderman S.,Habba E.,1
Biderman S.,Hao Y.,1
Biderman S.,Hardy M.,1
Biderman S.,Heath N.,1
Biderman S.,Hofmann A.,1
Biderman S.,Huang Y.,1
Biderman S.,Jernite Y.,1
Biderman S.,Ji J.,1
Biderman S.,Jiang Y.,1
Biderman S.,Kennedy W.,1
Biderman S.,Khire I.,1
Biderman S.,Klyman K.,1
Biderman S.,Kochenderfer M.,1
Biderman S.,Kornilova A.,1
Biderman S.,Koyejo S.,1
Biderman S.,Lamparth M.,1
Biderman S.,Lin M.,1
Biderman S.,Loehr A.,1
Biderman S.,Long Y.,1
Biderman S.,Manghnani K.,1
Biderman S.,Manheim D.,1
Biderman S.,Mickel J.,1
Biderman S.,Mishra A.,1
Biderman S.,Moniz N.,1
Biderman S.,Nelaturu S.,1
Biderman S.,Reuel A.,1
Biderman S.,Riegler M.,1
Biderman S.,Rismani S.,1
Biderman S.,Saha A.,1
Biderman S.,Sahoo S.,1
Biderman S.,Sania J.,1
Biderman S.,Sharma D.,1
Biderman S.,Sinha A.,1
Biderman S.,Solaiman I.,1
Biderman S.,Stachura D.,1
Biderman S.,Talat Z.,1
Biderman S.,Tran A.,1
Biderman S.,Yadav S.,1
Biderman S.,Yehudai A.,1
Chim J.,Choshen L.,1
Chim J.,Dhar R.,1
Chim J.,Friedrich F.,1
Chim J.,Ghosh A.,1
Chim J.,Gohar U.,1
Chim J.,Habba E.,1
Chim J.,Hao Y.,1
Chim J.,Hardy M.,1
Chim J.,Heath N.,1
Chim J.,Hofmann A.,1
Chim J.,Huang Y.,1
Chim J.,Jernite Y.,1
Chim J.,Ji J.,1
Chim J.,Jiang Y.,1
Chim J.,Kennedy W.,1
Chim J.,Khire I.,1
Chim J.,Klyman K.,1
Chim J.,Kochenderfer M.,1
Chim J.,Kornilova A.,1
Chim J.,Koyejo S.,1
Chim J.,Lamparth M.,1
Chim J.,Lin M.,1
Chim J.,Loehr A.,1
Chim J.,Long Y.,1
Chim J.,Manghnani K.,1
Chim J.,Manheim D.,1
Chim J.,Mickel J.,1
Chim J.,Mishra A.,1
Chim J.,Moniz N.,1
Chim J.,Nelaturu S.,1
Chim J.,Reuel A.,1
Chim J.,Riegler M.,1
Chim J.,Rismani S.,1
Chim J.,Saha A.,1
Chim J.,Sahoo S.,1
Chim J.,Sania J.,1
Chim J.,Sharma D.,1
Chim J.,Sinha A.,1
Chim J.,Solaiman I.,1
Chim J.,Stachura D.,1
Chim J.,Talat Z.,1
Chim J.,Tran A.,1
Chim J.,Yadav S.,1
Chim J.,Yehudai A.,1
Choshen L.,Dhar R.,1
Choshen L.,Friedrich F.,1
Choshen L.,Ghosh A.,1
Choshen L.,Gohar U.,1
Choshen L.,Habba E.,1
Choshen L.,Hao Y.,1
Choshen L.,Hardy M.,1
Choshen L.,Heath N.,1
Choshen L.,Hofmann A.,1
Choshen L.,Huang Y.,1
Choshen L.,Jernite Y.,1
Choshen L.,Ji J.,1
Choshen L.,Jiang Y.,1
Choshen L.,Kennedy W.,1
Choshen L.,Khire I.,1
Choshen L.,Klyman K.,1
Choshen L.,Kochenderfer M.,1
Choshen L.,Kornilova A.,1
Choshen L.,Koyejo S.,1
Choshen L.,Lamparth M.,1
Choshen L.,Lin M.,1
Choshen L.,Loehr A.,1
Choshen L.,Long Y.,1
Choshen L.,Manghnani K.,1
Choshen L.,Manheim D.,1
Choshen L.,Mickel J.,1
Choshen L.,Mishra A.,1
Choshen L.,Moniz N.,1
Choshen L.,Nelaturu S.,1
Choshen L.,Reuel A.,1
Choshen L.,Riegler M.,1
Choshen L.,Rismani S.,1
Choshen L.,Saha A.,1
Choshen L.,Sahoo S.,1
Choshen L.,Sania J.,1
Choshen L.,Sharma D.,1
Choshen L.,Sinha A.,1
Choshen L.,Solaiman I.,1
Choshen L.,Stachura D.,1
Choshen L.,Talat Z.,1
Choshen L.,Tran A.,1
Choshen L.,Yadav S.,1
Choshen L.,Yehudai A.,1
Dhar R.,Friedrich F.,1
Dhar R.,Ghosh A.,1
Dhar R.,Gohar U.,1
Dhar R.,Habba E.,1
Dhar R.,Hao Y.,1
Dhar R.,Hardy M.,1
Dhar R.,Heath N.,1
Dhar R.,Hofmann A.,1
Dhar R.,Huang Y.,1
Dhar R.,Jernite Y.,1
Dhar R.,Ji J.,1
Dhar R.,Jiang Y.,1
Dhar R.,Kennedy W.,1
Dhar R.,Khire I.,1
Dhar R.,Klyman K.,1
Dhar R.,Kochenderfer M.,1
Dhar R.,Kornilova A.,1
Dhar R.,Koyejo S.,1
Dhar R.,Lamparth M.,1
Dhar R.,Lin M.,1
Dhar R.,Loehr A.,1
Dhar R.,Long Y.,1
Dhar R.,Manghnani K.,1
Dhar R.,Manheim D.,1
Dhar R.,Mickel J.,1
Dhar R.,Mishra A.,1
Dhar R.,Moniz N.,1
Dhar R.,Nelaturu S.,1
Dhar R.,Reuel A.,1
Dhar R.,Riegler M.,1
Dhar R.,Rismani S.,1
Dhar R.,Saha A.,1
Dhar R.,Sahoo S.,1
Dhar R.,Sania J.,1
Dhar R.,Sharma D.,1
Dhar R.,Sinha A.,1
Dhar R.,Solaiman I.,1
Dhar R.,Stachura D.,1
Dhar R.,Talat Z.,1
Dhar R.,Tran A.,1
Dhar R.,Yadav S.,1
Dhar R.,Yehudai A.,1
Friedrich F.,Ghosh A.,1
Friedrich F.,Gohar U.,1
Friedrich F.,Habba E.,1
Friedrich F.,Hao Y.,1
Friedrich F.,Hardy M.,1
Friedrich F.,Heath N.,1
Friedrich F.,Hofmann A.,1
Friedrich F.,Huang Y.,1
Friedrich F.,Jernite Y.,1
Friedrich F.,Ji J.,1
Friedrich F.,Jiang Y.,1
Friedrich F.,Kennedy W.,1
Friedrich F.,Khire I.,1
Friedrich F.,Klyman K.,1
Friedrich F.,Kochenderfer M.,1
Friedrich F.,Kornilova A.,1
Friedrich F.,Koyejo S.,1
Friedrich F.,Lamparth M.,1
Friedrich F.,Lin M.,1
Friedrich F.,Loehr A.,1
Friedrich F.,Long Y.,1
Friedrich F.,Manghnani K.,1
Friedrich F.,Manheim D.,1
Friedrich F.,Mickel J.,1
Friedrich F.,Mishra A.,1
Friedrich F.,Moniz N.,1
Friedrich F.,Nelaturu S.,1
Friedrich F.,Reuel A.,1
Friedrich F.,Riegler M.,1
Friedrich F.,Rismani S.,1
Friedrich F.,Saha A.,1
Friedrich F.,Sahoo S.,1
Friedrich F.,Sania J.,1
Friedrich F.,Sharma D.,1
Friedrich F.,Sinha A.,1
Friedrich F.,Solaiman I.,1
Friedrich F.,Stachura D.,1
Friedrich F.,Talat Z.,1
Friedrich F.,Tran A.,1
Friedrich F.,Yadav S.,1
Friedrich F.,Yehudai A.,1
Ghosh A.,Gohar U.,1
Ghosh A.,Habba E.,1
Ghosh A.,Hao Y.,1
Ghosh A.,Hardy M.,1
Ghosh A.,Heath N.,1
Ghosh A.,Hofmann A.,1
Ghosh A.,Huang Y.,1
Ghosh A.,Jernite Y.,1
Ghosh A.,Ji J.,1
Ghosh A.,Jiang Y.,1
Ghosh A.,Kennedy W.,1
Ghosh A.,Khire I.,1
Ghosh A.,Klyman K.,1
Ghosh A.,Kochenderfer M.,1
Ghosh A.,Kornilova A.,1
Ghosh A.,Koyejo S.,1
Ghosh A.,Lamparth M.,1
Ghosh A.,Lin M.,1
Ghosh A.,Loehr A.,1
Ghosh A.,Long Y.,1
Ghosh A.,Manghnani K.,1
Ghosh A.,Manheim D.,1
Ghosh A.,Mickel J.,1
Ghosh A.,Mishra A.,1
Ghosh A.,Moniz N.,1
Ghosh A.,Nelaturu S.,1
Ghosh A.,Reuel A.,1
Ghosh A.,Riegler M.,1
Ghosh A.,Rismani S.,1
Ghosh A.,Saha A.,1
Ghosh A.,Sahoo S.,1
Ghosh A.,Sania J.,1
Ghosh A.,Sharma D.,1
Ghosh A.,Sinha A.,1
Ghosh A.,Solaiman I.,1
Ghosh A.,Stachura D.,1
Ghosh A.,Talat Z.,1
Ghosh A.,Tran A.,1
Ghosh A.,Yadav S.,1
Ghosh A.,Yehudai A.,1
Gohar U.,Habba E.,1
Gohar U.,Hao Y.,1
Gohar U.,Hardy M.,1
Gohar U.,Heath N.,1
Gohar U.,Hofmann A.,1
Gohar U.,Huang Y.,1
Gohar U.,Jernite Y.,1
Gohar U.,Ji J.,1
Gohar U.,Jiang Y.,1
Gohar U.,Kennedy W.,1
Gohar U.,Khire I.,1
Gohar U.,Klyman K.,1
Gohar U.,Kochenderfer M.,1
Gohar U.,Kornilova A.,1
Gohar U.,Koyejo S.,1
Gohar U.,Lamparth M.,1
Gohar U.,Lin M.,1
Gohar U.,Loehr A.,1
Gohar U.,Long Y.,1
Gohar U.,Manghnani K.,1
Gohar U.,Manheim D.,1
Gohar U.,Mickel J.,1
Gohar U.,Mishra A.,1
Gohar U.,Moniz N.,1
Gohar U.,Nelaturu S.,1
Gohar U.,Reuel A.,1
Gohar U.,Riegler M.,1
Gohar U.,Rismani S.,1
Gohar U.,Saha A.,1
Gohar U.,Sahoo S.,1
Gohar U.,Sania J.,1
Gohar U.,Sharma D.,1
Gohar U.,Sinha A.,1
Gohar U.,Solaiman I.,1
Gohar U.,Stachura D.,1
Gohar U.,Talat Z.,1
Gohar U.,Tran A.,1
Gohar U.,Yadav S.,1
Gohar U.,Yehudai A.,1
Habba E.,Hao Y.,1
Habba E.,Hardy M.,1
Habba E.,Heath N.,1
Habba E.,Hofmann A.,1
Habba E.,Huang Y.,1
Habba E.,Jernite Y.,1
Habba E.,Ji J.,1
Habba E.,Jiang Y.,1
Habba E.,Kennedy W.,1
Habba E.,Khire I.,1
Habba E.,Klyman K.,1
Habba E.,Kochenderfer M.,1
Habba E.,Kornilova A.,1
Habba E.,Koyejo S.,1
Habba E.,Lamparth M.,1
Habba E.,Lin M.,1
Habba E.,Loehr A.,1
Habba E.,Long Y.,1
Habba E.,Manghnani K.,1
Habba E.,Manheim D.,1
Habba E.,Mickel J.,1
Habba E.,Mishra A.,1
Habba E.,Moniz N.,1
Habba E.,Nelaturu S.,1
Habba E.,Reuel A.,1
Habba E.,Riegler M.,1
Habba E.,Rismani S.,1
Habba E.,Saha A.,1
Habba E.,Sahoo S.,1
Habba E.,Sania J.,1
Habba E.,Sharma D.,1
Habba E.,Sinha A.,1
Habba E.,Solaiman I.,1
Habba E.,Stachura D.,1
Habba E.,Talat Z.,1
Habba E.,Tran A.,1
Habba E.,Yadav S.,1
Habba E.,Yehudai A.,1
Hao Y.,Hardy M.,1
Hao Y.,Heath N.,1
Hao Y.,Hofmann A.,1
Hao Y.,Huang Y.,1
Hao Y.,Jernite Y.,1
Hao Y.,Ji J.,1
Hao Y.,Jiang Y.,1
Hao Y.,Kennedy W.,1
Hao Y.,Khire I.,1
Hao Y.,Klyman K.,1
Hao Y.,Kochenderfer M.,1
Hao Y.,Kornilova A.,1
Hao Y.,Koyejo S.,1
Hao Y.,Lamparth M.,1
Hao Y.,Lin M.,1
Hao Y.,Loehr A.,1
Hao Y.,Long Y.,1
Hao Y.,Manghnani K.,1
Hao Y.,Manheim D.,1
Hao Y.,Mickel J.,1
Hao Y.,Mishra A.,1
Hao Y.,Moniz N.,1
Hao Y.,Nelaturu S.,1
Hao Y.,Reuel A.,1
Hao Y.,Riegler M.,1
Hao Y.,Rismani S.,1
Hao Y.,Saha A.,1
Hao Y.,Sahoo S.,1
Hao Y.,Sania J.,1
Hao Y.,Sharma D.,1
Hao Y.,Sinha A.,1
Hao Y.,Solaiman I.,1
Hao Y.,Stachura D.,1
Hao Y.,Talat Z.,1
Hao Y.,Tran A.,1
Hao Y.,Yadav S.,1
Hao Y.,Yehudai A.,1
Hardy M.,Heath N.,1
Hardy M.,Hofmann A.,1
Hardy M.,Huang Y.,1
Hardy M.,Jernite Y.,1
Hardy M.,Ji J.,1
Hardy M.,Jiang Y.,1
Hardy M.,Kennedy W.,1
Hardy M.,Khire I.,1
Hardy M.,Klyman K.,1
Hardy M.,Kochenderfer M.,1
Hardy M.,Kornilova A.,1
Hardy M.,Koyejo S.,1
Hardy M.,Lamparth M.,1
Hardy M.,Lin M.,1
Hardy M.,Loehr A.,1
Hardy M.,Long Y.,1
Hardy M.,Manghnani K.,1
Hardy M.,Manheim D.,1
Hardy M.,Mickel J.,1
Hardy M.,Mishra A.,1
Hardy M.,Moniz N.,1
Hardy M.,Nelaturu S.,1
Hardy M.,Reuel A.,1
Hardy M.,Riegler M.,1
Hardy M.,Rismani S.,1
Hardy M.,Saha A.,1
Hardy M.,Sahoo S.,1
Hardy M.,Sania J.,1
Hardy M.,Sharma D.,1
Hardy M.,Sinha A.,1
Hardy M.,Solaiman I.,1
Hardy M.,Stachura D.,1
Hardy M.,Talat Z.,1
Hardy M.,Tran A.,1
Hardy M.,Yadav S.,1
Hardy M.,Yehudai A.,1
Heath N.,Hofmann A.,1
Heath N.,Huang Y.,1
Heath N.,Jernite Y.,1
Heath N.,Ji J.,1
Heath N.,Jiang Y.,1
Heath N.,Kennedy W.,1
Heath N.,Khire I.,1
Heath N.,Klyman K.,1
Heath N.,Kochenderfer M.,1
Heath N.,Kornilova A.,1
Heath N.,Koyejo S.,1
Heath N.,Lamparth M.,1
Heath N.,Lin M.,1
Heath N.,Loehr A.,1
Heath N.,Long Y.,1
Heath N.,Manghnani K.,1
Heath N.,Manheim D.,1
Heath N.,Mickel J.,1
Heath N.,Mishra A.,1
Heath N.,Moniz N.,1
Heath N.,Nelaturu S.,1
Heath N.,Reuel A.,1
Heath N.,Riegler M.,1
Heath N.,Rismani S.,1
Heath N.,Saha A.,1
Heath N.,Sahoo S.,1
Heath N.,Sania J.,1
Heath N.,Sharma D.,1
Heath N.,Sinha A.,1
Heath N.,Solaiman I.,1
Heath N.,Stachura D.,1
Heath N.,Talat Z.,1
Heath N.,Tran A.,1
Heath N.,Yadav S.,1
Heath N.,Yehudai A.,1
Hofmann A.,Huang Y.,1
Hofmann A.,Jernite Y.,1
Hofmann A.,Ji J.,1
Hofmann A.,Jiang Y.,1
Hofmann A.,Kennedy W.,1
Hofmann A.,Khire I.,1
Hofmann A.,Klyman K.,1
Hofmann A.,Kochenderfer M.,1
Hofmann A.,Kornilova A.,1
Hofmann A.,Koyejo S.,1
Hofmann A.,Lamparth M.,1
Hofmann A.,Lin M.,1
Hofmann A.,Loehr A.,1
Hofmann A.,Long Y.,1
Hofmann A.,Manghnani K.,1
Hofmann A.,Manheim D.,1
Hofmann A.,Mickel J.,1
Hofmann A.,Mishra A.,1
Hofmann A.,Moniz N.,1
Hofmann A.,Nelaturu S.,1
Hofmann A.,Reuel A.,1
Hofmann A.,Riegler M.,1
Hofmann A.,Rismani S.,1
Hofmann A.,Saha A.,1
Hofmann A.,Sahoo S.,1
Hofmann A.,Sania J.,1
Hofmann A.,Sharma D.,1
Hofmann A.,Sinha A.,1
Hofmann A.,Solaiman I.,1
Hofmann A.,Stachura D.,1
Hofmann A.,Talat Z.,1
Hofmann A.,Tran A.,1
Hofmann A.,Yadav S.,1
Hofmann A.,Yehudai A.,1
Huang Y.,Jernite Y.,1
Huang Y.,Ji J.,1
Huang Y.,Jiang Y.,1
Huang Y.,Kennedy W.,1
Huang Y.,Khire I.,1
Huang Y.,Klyman K.,1
Huang Y.,Kochenderfer M.,1
Huang Y.,Kornilova A.,1
Huang Y.,Koyejo S.,1
Huang Y.,Lamparth M.,1
Huang Y.,Loehr A.,1
Huang Y.,Long Y.,1
Huang Y.,Manghnani K.,1
Huang Y.,Manheim D.,1
Huang Y.,Mickel J.,1
Huang Y.,Mishra A.,1
Huang Y.,Moniz N.,1
Huang Y.,Nelaturu S.,1
Huang Y.,Reuel A.,1
Huang Y.,Riegler M.,1
Huang Y.,Rismani S.,1
Huang Y.,Saha A.,1
Huang Y.,Sahoo S.,1
Huang Y.,Sania J.,1
Huang Y.,Sharma D.,1
Huang Y.,Sinha A.,1
Huang Y.,Solaiman I.,1
Huang Y.,Stachura D.,1
Huang Y.,Talat Z.,1
Huang Y.,Tran A.,1
Huang Y.,Yadav S.,1
Huang Y.,Yehudai A.,1
Jernite Y.,Ji J.,1
Jernite Y.,Jiang Y.,1
Jernite Y.,Kennedy W.,1
Jernite Y.,Khire I.,1
Jernite Y.,Klyman K.,1
Jernite Y.,Kochenderfer M.,1
Jernite Y.,Kornilova A.,1
Jernite Y.,Koyejo S.,1
Jernite Y.,Lamparth M.,1
Jernite Y.,Lin M.,1
Jernite Y.,Loehr A.,1
Jernite Y.,Long Y.,1
Jernite Y.,Manghnani K.,1
Jernite Y.,Manheim D.,1
Jernite Y.,Mickel J.,1
Jernite Y.,Mishra A.,1
Jernite Y.,Moniz N.,1
Jernite Y.,Nelaturu S.,1
Jernite Y.,Reuel A.,1
Jernite Y.,Riegler M.,1
Jernite Y.,Rismani S.,1
Jernite Y.,Saha A.,1
Jernite Y.,Sahoo S.,1
Jernite Y.,Sania J.,1
Jernite Y.,Sharma D.,1
Jernite Y.,Sinha A.,1
Jernite Y.,Solaiman I.,1
Jernite Y.,Stachura D.,1
Jernite Y.,Talat Z.,1
Jernite Y.,Tran A.,1
Jernite Y.,Yadav S.,1
Jernite Y.,Yehudai A.,1
Ji J.,Jiang Y.,1
Ji J.,Kennedy W.,1
Ji J.,Khire I.,1
Ji J.,Klyman K.,1
Ji J.,Kochenderfer M.,1
Ji J.,Kornilova A.,1
Ji J.,Koyejo S.,1
Ji J.,Lamparth M.,1
Ji J.,Lin M.,1
Ji J.,Loehr A.,1
Ji J.,Long Y.,1
Ji J.,Manghnani K.,1
Ji J.,Manheim D.,1
Ji J.,Mickel J.,1
Ji J.,Mishra A.,1
Ji J.,Moniz N.,1
Ji J.,Nelaturu S.,1
Ji J.,Reuel A.,1
Ji J.,Riegler M.,1
Ji J.,Rismani S.,1
Ji J.,Saha A.,1
Ji J.,Sahoo S.,1
Ji J.,Sania J.,1
Ji J.,Sharma D.,1
Ji J.,Sinha A.,1
Ji J.,Solaiman I.,1
Ji J.,Stachura D.,1
Ji J.,Talat Z.,1
Ji J.,Tran A.,1
Ji J.,Yadav S.,1
Ji J.,Yehudai A.,1
Jiang Y.,Kennedy W.,1
Jiang Y.,Khire I.,1
Jiang Y.,Klyman K.,1
Jiang Y.,Kochenderfer M.,1
Jiang Y.,Kornilova A.,1
Jiang Y.,Koyejo S.,1
Jiang Y.,Lamparth M.,1
Jiang Y.,Lin M.,1
Jiang Y.,Loehr A.,1
Jiang Y.,Long Y.,1
Jiang Y.,Manghnani K.,1
Jiang Y.,Manheim D.,1
Jiang Y.,Mickel J.,1
Jiang Y.,Mishra A.,1
Jiang Y.,Moniz N.,1
Jiang Y.,Nelaturu S.,1
Jiang Y.,Reuel A.,1
Jiang Y.,Riegler M.,1
Jiang Y.,Rismani S.,1
Jiang Y.,Saha A.,1
Jiang Y.,Sahoo S.,1
Jiang Y.,Sania J.,1
Jiang Y.,Sharma D.,1
Jiang Y.,Sinha A.,1
Jiang Y.,Solaiman I.,1
Jiang Y.,Stachura D.,1
Jiang Y.,Talat Z.,1
Jiang Y.,Tran A.,1
Jiang Y.,Yadav S.,1
Jiang Y.,Yehudai A.,1
Kennedy W.,Khire I.,1
Kennedy W.,Klyman K.,1
Kennedy W.,Kochenderfer M.,1
Kennedy W.,Kornilova A.,1
Kennedy W.,Koyejo S.,1
Kennedy W.,Lamparth M.,1
Kennedy W.,Lin M.,1
Kennedy W.,Loehr A.,1
Kennedy W.,Long Y.,1
Kennedy W.,Manghnani K.,1
Kennedy W.,Manheim D.,1
Kennedy W.,Mickel J.,1
Kennedy W.,Mishra A.,1
Kennedy W.,Moniz N.,1
Kennedy W.,Nelaturu S.,1
Kennedy W.,Reuel A.,1
Kennedy W.,Riegler M.,1
Kennedy W.,Rismani S.,1
Kennedy W.,Saha A.,1
Kennedy W.,Sahoo S.,1
Kennedy W.,Sania J.,1
Kennedy W.,Sharma D.,1
Kennedy W.,Sinha A.,1
Kennedy W.,Solaiman I.,1
Kennedy W.,Stachura D.,1
Kennedy W.,Talat Z.,1
Kennedy W.,Tran A.,1
Kennedy W.,Yadav S.,1
Kennedy W.,Yehudai A.,1
Khire I.,Klyman K.,1
Khire I.,Kochenderfer M.,1
Khire I.,Kornilova A.,1
Khire I.,Koyejo S.,1
Khire I.,Lamparth M.,1
Khire I.,Lin M.,1
Khire I.,Loehr A.,1
Khire I.,Long Y.,1
Khire I.,Manghnani K.,1
Khire I.,Manheim D.,1
Khire I.,Mickel J.,1
Khire I.,Mishra A.,1
Khire I.,Moniz N.,1
Khire I.,Nelaturu S.,1
Khire I.,Reuel A.,1
Khire I.,Riegler M.,1
Khire I.,Rismani S.,1
Khire I.,Saha A.,1
Khire I.,Sahoo S.,1
Khire I.,Sania J.,1
Khire I.,Sharma D.,1
Khire I.,Sinha A.,1
Khire I.,Solaiman I.,1
Khire I.,Stachura D.,1
Khire I.,Talat Z.,1
Khire I.,Tran A.,1
Khire I.,Yadav S.,1
Khire I.,Yehudai A.,1
Klyman K.,Kochenderfer M.,1
Klyman K.,Kornilova A.,1
Klyman K.,Koyejo S.,1
Klyman K.,Lamparth M.,1
Klyman K.,Lin M.,1
Klyman K.,Loehr A.,1
Klyman K.,Long Y.,1
Klyman K.,Manghnani K.,1
Klyman K.,Manheim D.,1
Klyman K.,Mickel J.,1
Klyman K.,Mishra A.,1
Klyman K.,Moniz N.,1
Klyman K.,Nelaturu S.,1
Klyman K.,Reuel A.,1
Klyman K.,Riegler M.,1
Klyman K.,Rismani S.,1
Klyman K.,Saha A.,1
Klyman K.,Sahoo S.,1
Klyman K.,Sania J.,1
Klyman K.,Sharma D.,1
Klyman K.,Sinha A.,1
Klyman K.,Solaiman I.,1
Klyman K.,Stachura D.,1
Klyman K.,Talat Z.,1
Klyman K.,Tran A.,1
Klyman K.,Yadav S.,1
Klyman K.,Yehudai A.,1
Kochenderfer M.,Kornilova A.,1
Kochenderfer M.,Koyejo S.,1
Kochenderfer M.,Lamparth M.,1
Kochenderfer M.,Lin M.,1
Kochenderfer M.,Loehr A.,1
Kochenderfer M.,Long Y.,1
Kochenderfer M.,Manghnani K.,1
Kochenderfer M.,Manheim D.,1
Kochenderfer M.,Mickel J.,1
Kochenderfer M.,Mishra A.,1
Kochenderfer M.,Moniz N.,1
Kochenderfer M.,Nelaturu S.,1
Kochenderfer M.,Reuel A.,1
Kochenderfer M.,Riegler M.,1
Kochenderfer M.,Rismani S.,1
Kochenderfer M.,Saha A.,1
Kochenderfer M.,Sahoo S.,1
Kochenderfer M.,Sania J.,1
Kochenderfer M.,Sharma D.,1
Kochenderfer M.,Sinha A.,1
Kochenderfer M.,Solaiman I.,1
Kochenderfer M.,Stachura D.,1
Kochenderfer M.,Talat Z.,1
Kochenderfer M.,Tran A.,1
Kochenderfer M.,Yadav S.,1
Kochenderfer M.,Yehudai A.,1
Kornilova A.,Koyejo S.,1
Kornilova A.,Lamparth M.,1
Kornilova A.,Lin M.,1
Kornilova A.,Loehr A.,1
Kornilova A.,Long Y.,1
Kornilova A.,Manghnani K.,1
Kornilova A.,Manheim D.,1
Kornilova A.,Mickel J.,1
Kornilova A.,Mishra A.,1
Kornilova A.,Moniz N.,1
Kornilova A.,Nelaturu S.,1
Kornilova A.,Reuel A.,1
Kornilova A.,Riegler M.,1
Kornilova A.,Rismani S.,1
Kornilova A.,Saha A.,1
Kornilova A.,Sahoo S.,1
Kornilova A.,Sania J.,1
Kornilova A.,Sharma D.,1
Kornilova A.,Sinha A.,1
Kornilova A.,Solaiman I.,1
Kornilova A.,Stachura D.,1
Kornilova A.,Talat Z.,1
Kornilova A.,Tran A.,1
Kornilova A.,Yadav S.,1
Kornilova A.,Yehudai A.,1
Koyejo S.,Lamparth M.,1
Koyejo S.,Lin M.,1
Koyejo S.,Loehr A.,1
Koyejo S.,Long Y.,1
Koyejo S.,Manghnani K.,1
Koyejo S.,Manheim D.,1
Koyejo S.,Mickel J.,1
Koyejo S.,Mishra A.,1
Koyejo S.,Moniz N.,1
Koyejo S.,Nelaturu S.,1
Koyejo S.,Reuel A.,1
Koyejo S.,Riegler M.,1
Koyejo S.,Rismani S.,1
Koyejo S.,Saha A.,1
Koyejo S.,Sahoo S.,1
Koyejo S.,Sania J.,1
Koyejo S.,Sharma D.,1
Koyejo S.,Sinha A.,1
Koyejo S.,Solaiman I.,1
Koyejo S.,Stachura D.,1
Koyejo S.,Talat Z.,1
Koyejo S.,Tran A.,1
Koyejo S.,Yadav S.,1
Koyejo S.,Yehudai A.,1
Lamparth M.,Lin M.,1
Lamparth M.,Loehr A.,1
Lamparth M.,Long Y.,1
Lamparth M.,Manghnani K.,1
Lamparth M.,Manheim D.,1
Lamparth M.,Mickel J.,1
Lamparth M.,Mishra A.,1
Lamparth M.,Moniz N.,1
Lamparth M.,Nelaturu S.,1
Lamparth M.,Reuel A.,1
Lamparth M.,Riegler M.,1
Lamparth M.,Rismani S.,1
Lamparth M.,Saha A.,1
Lamparth M.,Sahoo S.,1
Lamparth M.,Sania J.,1
Lamparth M.,Sharma D.,1
Lamparth M.,Sinha A.,1
Lamparth M.,Solaiman I.,1
Lamparth M.,Stachura D.,1
Lamparth M.,Talat Z.,1
Lamparth M.,Tran A.,1
Lamparth M.,Yadav S.,1
Lamparth M.,Yehudai A.,1
Lin M.,Loehr A.,1
Lin M.,Long Y.,1
Lin M.,Manghnani K.,1
Lin M.,Manheim D.,1
Lin M.,Mickel J.,1
Lin M.,Mishra A.,1
Lin M.,Moniz N.,1
Lin M.,Nelaturu S.,1
Lin M.,Reuel A.,1
Lin M.,Riegler M.,1
Lin M.,Rismani S.,1
Lin M.,Saha A.,1
Lin M.,Sahoo S.,1
Lin M.,Sania J.,1
Lin M.,Sharma D.,1
Lin M.,Sinha A.,1
Lin M.,Solaiman I.,1
Lin M.,Stachura D.,1
Lin M.,Talat Z.,1
Lin M.,Tran A.,1
Lin M.,Yadav S.,1
Lin M.,Yehudai A.,1
Loehr A.,Long Y.,1
Loehr A.,Manghnani K.,1
Loehr A.,Manheim D.,1
Loehr A.,Mickel J.,1
Loehr A.,Mishra A.,1
Loehr A.,Moniz N.,1
Loehr A.,Nelaturu S.,1
Loehr A.,Reuel A.,1
Loehr A.,Riegler M.,1
Loehr A.,Rismani S.,1
Loehr A.,Saha A.,1
Loehr A.,Sahoo S.,1
Loehr A.,Sania J.,1
Loehr A.,Sharma D.,1
Loehr A.,Sinha A.,1
Loehr A.,Solaiman I.,1
Loehr A.,Stachura D.,1
Loehr A.,Talat Z.,1
Loehr A.,Tran A.,1
Loehr A.,Yadav S.,1
Loehr A.,Yehudai A.,1
Long Y.,Manghnani K.,1
Long Y.,Manheim D.,1
Long Y.,Mickel J.,1
Long Y.,Mishra A.,1
Long Y.,Moniz N.,1
Long Y.,Nelaturu S.,1
Long Y.,Reuel A.,1
Long Y.,Riegler M.,1
Long Y.,Rismani S.,1
Long Y.,Saha A.,1
Long Y.,Sahoo S.,1
Long Y.,Sania J.,1
Long Y.,Sharma D.,1
Long Y.,Sinha A.,1
Long Y.,Solaiman I.,1
Long Y.,Stachura D.,1
Long Y.,Talat Z.,1
Long Y.,Tran A.,1
Long Y.,Yadav S.,1
Long Y.,Yehudai A.,1
Manghnani K.,Manheim D.,1
Manghnani K.,Mickel J.,1
Manghnani K.,Mishra A.,1
Manghnani K.,Moniz N.,1
Manghnani K.,Nelaturu S.,1
Manghnani K.,Reuel A.,1
Manghnani K.,Riegler M.,1
Manghnani K.,Rismani S.,1
Manghnani K.,Saha A.,1
Manghnani K.,Sahoo S.,1
Manghnani K.,Sania J.,1
Manghnani K.,Sharma D.,1
Manghnani K.,Sinha A.,1
Manghnani K.,Solaiman I.,1
Manghnani K.,Stachura D.,1
Manghnani K.,Talat Z.,1
Manghnani K.,Tran A.,1
Manghnani K.,Yadav S.,1
Manghnani K.,Yehudai A.,1
Manheim D.,Mickel J.,1
Manheim D.,Mishra A.,1
Manheim D.,Moniz N.,1
Manheim D.,Nelaturu S.,1
Manheim D.,Reuel A.,1
Manheim D.,Riegler M.,1
Manheim D.,Rismani S.,1
Manheim D.,Saha A.,1
Manheim D.,Sahoo S.,1
Manheim D.,Sania J.,1
Manheim D.,Sharma D.,1
Manheim D.,Sinha A.,1
Manheim D.,Solaiman I.,1
Manheim D.,Stachura D.,1
Manheim D.,Talat Z.,1
Manheim D.,Tran A.,1
Manheim D.,Yadav S.,1
Manheim D.,Yehudai A.,1
Mickel J.,Mishra A.,1
Mickel J.,Moniz N.,1
Mickel J.,Nelaturu S.,1
Mickel J.,Reuel A.,1
Mickel J.,Riegler M.,1
Mickel J.,Rismani S.,1
Mickel J.,Saha A.,1
Mickel J.,Sahoo S.,1
Mickel J.,Sania J.,1
Mickel J.,Sharma D.,1
Mickel J.,Sinha A.,1
Mickel J.,Solaiman I.,1
Mickel J.,Stachura D.,1
Mickel J.,Talat Z.,1
Mickel J.,Tran A.,1
Mickel J.,Yadav S.,1
Mickel J.,Yehudai A.,1
Mishra A.,Moniz N.,1
Mishra A.,Nelaturu S.,1
Mishra A.,Reuel A.,1
Mishra A.,Riegler M.,1
Mishra A.,Rismani S.,1
Mishra A.,Saha A.,1
Mishra A.,Sahoo S.,1
Mishra A.,Sania J.,1
Mishra A.,Sharma D.,1
Mishra A.,Sinha A.,1
Mishra A.,Solaiman I.,1
Mishra A.,Stachura D.,1
Mishra A.,Talat Z.,1
Mishra A.,Tran A.,1
Mishra A.,Yadav S.,1
Mishra A.,Yehudai A.,1
Moniz N.,Nelaturu S.,1
Moniz N.,Reuel A.,1
Moniz N.,Riegler M.,1
Moniz N.,Rismani S.,1
Moniz N.,Saha A.,1
Moniz N.,Sahoo S.,1
Moniz N.,Sania J.,1
Moniz N.,Sharma D.,1
Moniz N.,Sinha A.,1
Moniz N.,Solaiman I.,1
Moniz N.,Stachura D.,1
Moniz N.,Talat Z.,1
Moniz N.,Tran A.,1
Moniz N.,Yadav S.,1
Moniz N.,Yehudai A.,1
Nelaturu S.,Reuel A.,1
Nelaturu S.,Riegler M.,1
Nelaturu S.,Rismani S.,1
Nelaturu S.,Saha A.,1
Nelaturu S.,Sahoo S.,1
Nelaturu S.,Sania J.,1
Nelaturu S.,Sharma D.,1
Nelaturu S.,Sinha A.,1
Nelaturu S.,Solaiman I.,1
Nelaturu S.,Stachura D.,1
Nelaturu S.,Talat Z.,1
Nelaturu S.,Tran A.,1
Nelaturu S.,Yadav S.,1
Nelaturu S.,Yehudai A.,1
Reuel A.,Riegler M.,1
Reuel A.,Rismani S.,1
Reuel A.,Saha A.,1
Reuel A.,Sahoo S.,1
Reuel A.,Sania J.,1
Reuel A.,Sharma D.,1
Reuel A.,Sinha A.,1
Reuel A.,Solaiman I.,1
Reuel A.,Stachura D.,1
Reuel A.,Talat Z.,1
Reuel A.,Tran A.,1
Reuel A.,Yadav S.,1
Reuel A.,Yehudai A.,1
Riegler M.,Rismani S.,1
Riegler M.,Saha A.,1
Riegler M.,Sahoo S.,1
Riegler M.,Sania J.,1
Riegler M.,Sharma D.,1
Riegler M.,Sinha A.,1
Riegler M.,Solaiman I.,1
Riegler M.,Stachura D.,1
Riegler M.,Talat Z.,1
Riegler M.,Tran A.,1
Riegler M.,Yadav S.,1
Riegler M.,Yehudai A.,1
Rismani S.,Saha A.,1
Rismani S.,Sahoo S.,1
Rismani S.,Sania J.,1
Rismani S.,Sharma D.,1
Rismani S.,Sinha A.,1
Rismani S.,Solaiman I.,1
Rismani S.,Stachura D.,1
Rismani S.,Talat Z.,1
Rismani S.,Tran A.,1
Rismani S.,Yadav S.,1
Rismani S.,Yehudai A.,1
Saha A.,Sahoo S.,1
Saha A.,Sania J.,1
Saha A.,Sharma D.,1
Saha A.,Sinha A.,1
Saha A.,Solaiman I.,1
Saha A.,Stachura D.,1
Saha A.,Talat Z.,1
Saha A.,Tran A.,1
Saha A.,Yadav S.,1
Saha A.,Yehudai A.,1
Sahoo S.,Sania J.,1
Sahoo S.,Sharma D.,1
Sahoo S.,Sinha A.,1
Sahoo S.,Solaiman I.,1
Sahoo S.,Stachura D.,1
Sahoo S.,Talat Z.,1
Sahoo S.,Tran A.,1
Sahoo S.,Yadav S.,1
Sahoo S.,Yehudai A.,1
Sania J.,Sharma D.,1
Sania J.,Sinha A.,1
Sania J.,Solaiman I.,1
Sania J.,Stachura D.,1
Sania J.,Talat Z.,1
Sania J.,Tran A.,1
Sania J.,Yadav S.,1
Sania J.,Yehudai A.,1
Sharma D.,Sinha A.,1
Sharma D.,Solaiman I.,1
Sharma D.,Stachura D.,1
Sharma D.,Talat Z.,1
Sharma D.,Tran A.,1
Sharma D.,Yadav S.,1
Sharma D.,Yehudai A.,1
Sinha A.,Solaiman I.,1
Sinha A.,Stachura D.,1
Sinha A.,Talat Z.,1
Sinha A.,Tran A.,1
Sinha A.,Yadav S.,1
Sinha A.,Yehudai A.,1
Solaiman I.,Stachura D.,1
Solaiman I.,Talat Z.,1
Solaiman I.,Tran A.,1
Solaiman I.,Yadav S.,1
Solaiman I.,Yehudai A.,1
Stachura D.,Talat Z.,1
Stachura D.,Tran A.,1
Stachura D.,Yadav S.,1
Stachura D.,Yehudai A.,1
Talat Z.,Tran A.,1
Talat Z.,Yadav S.,1
Talat Z.,Yehudai A.,1
Tran A.,Yadav S.,1
Tran A.,Yehudai A.,1
Yadav S.,Yehudai A.,1
Bastian L.,Birdal T.,1
Bastian L.,Hajij M.,1
Bastian L.,Leventhal S.,1
Birdal T.,Hajij M.,1
Birdal T.,Leventhal S.,1
Hajij M.,Leventhal S.,1
Basu D.,Das U.,1
Basu D.,Maillard O.,1
Basu D.,Radji W.,1
Das U.,Maillard O.,1
Das U.,Radji W.,1
Maillard O.,Radji W.,1
Lin S.,Tahvildari L.,1
Chen J.,Ho M.,1
Chen J.,Liu B.,1
Chen J.,Qin L.,1
Chen J.,Wang A.,1
Ho M.,Liu B.,1
Ho M.,Qin L.,1
Ho M.,Wang A.,1
Liu B.,Qin L.,1
Liu B.,Wang A.,1
Qin L.,Wang A.,1
Chulzhanov A.,Eberhardt S.,1
Chulzhanov A.,Mukherjee A.,1
Eberhardt S.,Mukherjee A.,1
Müller R.,Nowé A.,1
Müller R.,Rosseau A.,1
Nowé A.,Rosseau A.,1
Gupta A.,Khetarpal K.,1
Gupta A.,Pfeifer Q.,1
Gupta A.,Pronovost E.,1
Gupta A.,Shah P.,1
Gupta A.,Srinivasa S.,1
Khetarpal K.,Pfeifer Q.,1
Khetarpal K.,Pronovost E.,1
Khetarpal K.,Shah P.,1
Khetarpal K.,Srinivasa S.,1
Pfeifer Q.,Pronovost E.,1
Pfeifer Q.,Shah P.,1
Pfeifer Q.,Srinivasa S.,1
Pronovost E.,Shah P.,1
Pronovost E.,Srinivasa S.,1
Shah P.,Srinivasa S.,1
Black P.,Shahid A.,1
Black P.,Suttie G.,1
Shahid A.,Suttie G.,1
Pan J.,Sabharwal R.,1
Pan J.,Storkey A.,1
Pan J.,Wang H.,1
Sabharwal R.,Storkey A.,1
Sabharwal R.,Wang H.,1
Storkey A.,Wang H.,1
Lomuscio A.,Varghese S.,1
Lomuscio A.,Wicker M.,1
Varghese S.,Wicker M.,1
Cao Q.,Chen Q.,1
Cao Q.,Kong X.,1
Cao Q.,Ning P.,1
Cao Q.,Tang X.,1
Cao Q.,Tao K.,1
Cao Q.,Wang T.,1
Cao Q.,Wen Z.,1
Cao Q.,Zhang Z.,1
Cao Q.,Zhou J.,1
Chen Q.,Kong X.,1
Chen Q.,Ning P.,1
Chen Q.,Tang X.,1
Chen Q.,Tao K.,1
Chen Q.,Wang T.,1
Chen Q.,Wen Z.,1
Chen Q.,Zhang Z.,1
Chen Q.,Zhou J.,1
Kong X.,Ning P.,1
Kong X.,Tang X.,1
Kong X.,Tao K.,1
Kong X.,Wang T.,1
Kong X.,Wen Z.,1
Hu Z.,Huang W.,1
Hu Z.,Huang Y.,1
Hu Z.,Li Y.,1
Hu Z.,Lin M.,1
Hu Z.,Liu Y.,1
Hu Z.,Qi X.,1
Hu Z.,Qian S.,1
Hu Z.,Wang X.,1
Hu Z.,Wang Y.,1
Hu Z.,Zhang F.,1
Hu Z.,Zhu L.,1
Huang W.,Huang Y.,1
Huang W.,Li Y.,1
Huang W.,Lin M.,1
Huang W.,Liu Y.,1
Huang W.,Qi X.,1
Kong X.,Zhang Z.,1
Kong X.,Zhou J.,1
Ning P.,Tang X.,1
Ning P.,Tao K.,1
Ning P.,Wang T.,1
Ning P.,Wen Z.,1
Ning P.,Zhang Z.,1
Ning P.,Zhou J.,1
Tang X.,Tao K.,1
Tang X.,Wang T.,1
Tang X.,Wen Z.,1
Tang X.,Zhang Z.,1
Tang X.,Zhou J.,1
Tao K.,Wang T.,1
Tao K.,Wen Z.,1
Tao K.,Zhang Z.,1
