researcher,degree,betweenness,closeness,pagerank,classe
Huang Y.,1.0,0.0412972730333295,0.9197080291970804,0.0120373580641309,0
Lin M.,1.0,0.0412972730333295,0.9197080291970804,0.0120373580641309,0
Wang X.,0.293103448275862,0.0383795309168443,0.5779816513761468,0.009678092762038,0
Heath N.,0.8103448275862069,0.0,0.7411764705882353,0.0078584112787493,7
Hardy M.,0.8103448275862069,0.0,0.7411764705882353,0.0078584112787493,7
Hao Y.,0.8103448275862069,0.0,0.7411764705882353,0.0078584112787493,7
Hofmann A.,0.8103448275862069,0.0,0.7411764705882353,0.0078584112787493,7
Solaiman I.,0.8103448275862069,0.0,0.7411764705882353,0.0078584112787493,7
Sinha A.,0.8103448275862069,0.0,0.7411764705882353,0.0078584112787493,7
Sharma D.,0.8103448275862069,0.0,0.7411764705882353,0.0078584112787493,7
Sania J.,0.8103448275862069,0.0,0.7411764705882353,0.0078584112787493,7
Sahoo S.,0.8103448275862069,0.0,0.7411764705882353,0.0078584112787493,7
Jernite Y.,0.8103448275862069,0.0,0.7411764705882353,0.0078584112787493,7
Ji J.,0.8103448275862069,0.0,0.7411764705882353,0.0078584112787493,7
Loehr A.,0.8103448275862069,0.0,0.7411764705882353,0.0078584112787493,7
Jiang Y.,0.8103448275862069,0.0,0.7411764705882353,0.0078584112787493,7
Lamparth M.,0.8103448275862069,0.0,0.7411764705882353,0.0078584112787493,7
Koyejo S.,0.8103448275862069,0.0,0.7411764705882353,0.0078584112787493,7
Kornilova A.,0.8103448275862069,0.0,0.7411764705882353,0.0078584112787493,7
Kochenderfer M.,0.8103448275862069,0.0,0.7411764705882353,0.0078584112787493,7
Klyman K.,0.8103448275862069,0.0,0.7411764705882353,0.0078584112787493,7
Khire I.,0.8103448275862069,0.0,0.7411764705882353,0.0078584112787493,7
Kennedy W.,0.8103448275862069,0.0,0.7411764705882353,0.0078584112787493,7
Habba E.,0.8103448275862069,0.0,0.7411764705882353,0.0078584112787493,7
Biderman S.,0.8103448275862069,0.0,0.7411764705882353,0.0078584112787493,7
Chim J.,0.8103448275862069,0.0,0.7411764705882353,0.0078584112787493,7
Choshen L.,0.8103448275862069,0.0,0.7411764705882353,0.0078584112787493,7
Dhar R.,0.8103448275862069,0.0,0.7411764705882353,0.0078584112787493,7
Friedrich F.,0.8103448275862069,0.0,0.7411764705882353,0.0078584112787493,7
Ghosh A.,0.8103448275862069,0.0,0.7411764705882353,0.0078584112787493,7
Gohar U.,0.8103448275862069,0.0,0.7411764705882353,0.0078584112787493,7
Batzner J.,0.8103448275862069,0.0,0.7411764705882353,0.0078584112787493,7
Akhtar M.,0.8103448275862069,0.0,0.7411764705882353,0.0078584112787493,7
Moniz N.,0.8103448275862069,0.0,0.7411764705882353,0.0078584112787493,7
Mishra A.,0.8103448275862069,0.0,0.7411764705882353,0.0078584112787493,7
Mickel J.,0.8103448275862069,0.0,0.7411764705882353,0.0078584112787493,7
Manheim D.,0.8103448275862069,0.0,0.7411764705882353,0.0078584112787493,7
Manghnani K.,0.8103448275862069,0.0,0.7411764705882353,0.0078584112787493,7
Long Y.,0.8103448275862069,0.0,0.7411764705882353,0.0078584112787493,7
Reuel A.,0.8103448275862069,0.0,0.7411764705882353,0.0078584112787493,7
Nelaturu S.,0.8103448275862069,0.0,0.7411764705882353,0.0078584112787493,7
Talat Z.,0.8103448275862069,0.0,0.7411764705882353,0.0078584112787493,7
Yehudai A.,0.8103448275862069,0.0,0.7411764705882353,0.0078584112787493,7
Yadav S.,0.8103448275862069,0.0,0.7411764705882353,0.0078584112787493,7
Saha A.,0.8103448275862069,0.0,0.7411764705882353,0.0078584112787493,7
Rismani S.,0.8103448275862069,0.0,0.7411764705882353,0.0078584112787493,7
Riegler M.,0.8103448275862069,0.0,0.7411764705882353,0.0078584112787493,7
Stachura D.,0.8103448275862069,0.0,0.7411764705882353,0.0078584112787493,7
Tran A.,0.8103448275862069,0.0,0.7411764705882353,0.0078584112787493,7
Zhang Z.,0.1551724137931034,0.0,0.0,0.0074074074074074,1
Zhou J.,0.1551724137931034,0.0,0.0,0.0074074074074074,1
Tao K.,0.1551724137931034,0.0,0.0,0.0074074074074074,1
Wen Z.,0.1551724137931034,0.0,0.0,0.0074074074074074,1
Wang T.,0.1551724137931034,0.0,0.0,0.0074074074074074,1
Ning P.,0.1551724137931034,0.0,0.0,0.0074074074074074,1
Zhang W.,0.2068965517241379,0.0,0.0,0.0074074074074074,6
Yang X.,0.2068965517241379,0.0,0.0,0.0074074074074074,6
Xu W.,0.2068965517241379,0.0,0.0,0.0074074074074074,6
Mao Y.,0.2068965517241379,0.0,0.0,0.0074074074074074,6
Zheng R.,0.2068965517241379,0.0,0.0,0.0074074074074074,6
Ying R.,0.2068965517241379,0.0,0.0,0.0074074074074074,6
Mu Y.,0.2068965517241379,0.0,0.0,0.0074074074074074,6
Chen Q.,0.1551724137931034,0.0,0.0,0.0074074074074074,1
Tang X.,0.1551724137931034,0.0,0.0,0.0074074074074074,1
Cao Q.,0.1551724137931034,0.0,0.0,0.0074074074074074,1
Chu S.,0.2068965517241379,0.0,0.0,0.0074074074074074,6
Liu Z.,0.2068965517241379,0.0,0.0,0.0074074074074074,6
Ling L.,0.2068965517241379,0.0,0.0,0.0074074074074074,6
Kang J.,0.2068965517241379,0.0,0.0,0.0074074074074074,6
Liang Z.,0.2068965517241379,0.0,0.0,0.0074074074074074,6
Cai J.,0.2068965517241379,0.0,0.0,0.0074074074074074,6
Kong X.,0.1551724137931034,0.0,0.0,0.0074074074074074,1
Chen J.,0.0689655172413793,0.0,0.0,0.0074074074074074,11
Lin S.,0.0172413793103448,0.0,0.0,0.0074074074074074,10
Radji W.,0.0517241379310344,0.0,0.0,0.0074074074074074,9
Maillard O.,0.0517241379310344,0.0,0.0,0.0074074074074074,9
Ho M.,0.0689655172413793,0.0,0.0,0.0074074074074074,11
Qin L.,0.0689655172413793,0.0,0.0,0.0074074074074074,11
Liu B.,0.0689655172413793,0.0,0.0,0.0074074074074074,11
Nowé A.,0.0344827586206896,0.0,0.0,0.0074074074074074,13
Tahvildari L.,0.0172413793103448,0.0,0.0,0.0074074074074074,10
Gupta A.,0.0862068965517241,0.0,0.0,0.0074074074074074,14
Wang A.,0.0689655172413793,0.0,0.0,0.0074074074074074,11
Chulzhanov A.,0.0344827586206896,0.0,0.0,0.0074074074074074,12
Eberhardt S.,0.0344827586206896,0.0,0.0,0.0074074074074074,12
Osinenko P.,0.0517241379310344,0.0,0.0,0.0074074074074074,4
Malaniya G.,0.0517241379310344,0.0,0.0,0.0074074074074074,4
Ibrahim S.,0.0517241379310344,0.0,0.0,0.0074074074074074,4
Bolychev A.,0.0517241379310344,0.0,0.0,0.0074074074074074,4
Jin M.,0.0344827586206896,0.0,0.0,0.0074074074074074,2
Huang L.,0.0344827586206896,0.0,0.0,0.0074074074074074,2
Kim E.,0.0517241379310344,0.0,0.0,0.0074074074074074,3
Minnich A.,0.0517241379310344,0.0,0.0,0.0074074074074074,3
Russinovich M.,0.0517241379310344,0.0,0.0,0.0074074074074074,3
Beigi M.,0.0344827586206896,0.0,0.0,0.0074074074074074,2
Bullwinkel B.,0.0517241379310344,0.0,0.0,0.0074074074074074,3
Rosseau A.,0.0344827586206896,0.0,0.0,0.0074074074074074,13
Das U.,0.0517241379310344,0.0,0.0,0.0074074074074074,9
Basu D.,0.0517241379310344,0.0,0.0,0.0074074074074074,9
Leventhal S.,0.0517241379310344,0.0,0.0,0.0074074074074074,8
Bastian L.,0.0517241379310344,0.0,0.0,0.0074074074074074,8
Birdal T.,0.0517241379310344,0.0,0.0,0.0074074074074074,8
Hajij M.,0.0517241379310344,0.0,0.0,0.0074074074074074,8
Srinivasa S.,0.0862068965517241,0.0,0.0,0.0074074074074074,14
Shah P.,0.0862068965517241,0.0,0.0,0.0074074074074074,14
Pronovost E.,0.0862068965517241,0.0,0.0,0.0074074074074074,14
Pfeifer Q.,0.0862068965517241,0.0,0.0,0.0074074074074074,14
Khetarpal K.,0.0862068965517241,0.0,0.0,0.0074074074074074,14
Black P.,0.0344827586206896,0.0,0.0,0.0074074074074074,15
Suttie G.,0.0344827586206896,0.0,0.0,0.0074074074074074,15
Shahid A.,0.0344827586206896,0.0,0.0,0.0074074074074074,15
Lomuscio A.,0.0344827586206896,0.0,0.0,0.0074074074074074,5
Wang H.,0.0517241379310344,0.0,0.0,0.0074074074074074,16
Storkey A.,0.0517241379310344,0.0,0.0,0.0074074074074074,16
Sabharwal R.,0.0517241379310344,0.0,0.0,0.0074074074074074,16
Pan J.,0.0517241379310344,0.0,0.0,0.0074074074074074,16
Wicker M.,0.0344827586206896,0.0,0.0,0.0074074074074074,5
Mukherjee A.,0.0344827586206896,0.0,0.0,0.0074074074074074,12
Müller R.,0.0344827586206896,0.0,0.0,0.0074074074074074,13
Varghese S.,0.0344827586206896,0.0,0.0,0.0074074074074074,5
Kiggins A.,0.1034482758620689,0.0,0.3795180722891566,0.0054799390611718,0
Wu Y.,0.1034482758620689,0.0,0.3795180722891566,0.0054799390611718,0
Chen K.,0.1034482758620689,0.0,0.3795180722891566,0.0054799390611718,0
Xi X.,0.1034482758620689,0.0,0.3795180722891566,0.0054799390611718,0
Zhuang D.,0.1034482758620689,0.0,0.3795180722891566,0.0054799390611718,0
Huang J.,0.1034482758620689,0.0,0.3795180722891566,0.0054799390611718,0
Huang W.,0.1896551724137931,0.0,0.5478260869565217,0.0051060791104748,0
Qi X.,0.1896551724137931,0.0,0.5478260869565217,0.0051060791104748,0
Liu Y.,0.1896551724137931,0.0,0.5478260869565217,0.0051060791104748,0
Li Y.,0.1896551724137931,0.0,0.5478260869565217,0.0051060791104748,0
Zhu L.,0.1896551724137931,0.0,0.5478260869565217,0.0051060791104748,0
Zhang F.,0.1896551724137931,0.0,0.5478260869565217,0.0051060791104748,0
Wang Y.,0.1896551724137931,0.0,0.5478260869565217,0.0051060791104748,0
Qian S.,0.1896551724137931,0.0,0.5478260869565217,0.0051060791104748,0
Hu Z.,0.1896551724137931,0.0,0.5478260869565217,0.0051060791104748,0
