researcher,degree,betweenness,closeness,pagerank
Huang Y.,1.0,0.04129727303332959,0.9197080291970803,0.012037358064130936
Lin M.,1.0,0.04129727303332959,0.9197080291970803,0.012037358064130936
Wang X.,0.29310344827586204,0.03837953091684435,0.5779816513761468,0.009678092762038076
Heath N.,0.8103448275862069,0.0,0.7411764705882353,0.00785841127874934
Hardy M.,0.8103448275862069,0.0,0.7411764705882353,0.00785841127874934
Hao Y.,0.8103448275862069,0.0,0.7411764705882353,0.00785841127874934
Hofmann A.,0.8103448275862069,0.0,0.7411764705882353,0.00785841127874934
Solaiman I.,0.8103448275862069,0.0,0.7411764705882353,0.00785841127874934
Sinha A.,0.8103448275862069,0.0,0.7411764705882353,0.00785841127874934
Sharma D.,0.8103448275862069,0.0,0.7411764705882353,0.00785841127874934
Sania J.,0.8103448275862069,0.0,0.7411764705882353,0.00785841127874934
Sahoo S.,0.8103448275862069,0.0,0.7411764705882353,0.00785841127874934
Jernite Y.,0.8103448275862069,0.0,0.7411764705882353,0.00785841127874934
Ji J.,0.8103448275862069,0.0,0.7411764705882353,0.00785841127874934
Loehr A.,0.8103448275862069,0.0,0.7411764705882353,0.00785841127874934
Jiang Y.,0.8103448275862069,0.0,0.7411764705882353,0.00785841127874934
Lamparth M.,0.8103448275862069,0.0,0.7411764705882353,0.00785841127874934
Koyejo S.,0.8103448275862069,0.0,0.7411764705882353,0.00785841127874934
Kornilova A.,0.8103448275862069,0.0,0.7411764705882353,0.00785841127874934
Kochenderfer M.,0.8103448275862069,0.0,0.7411764705882353,0.00785841127874934
Klyman K.,0.8103448275862069,0.0,0.7411764705882353,0.00785841127874934
Khire I.,0.8103448275862069,0.0,0.7411764705882353,0.00785841127874934
Kennedy W.,0.8103448275862069,0.0,0.7411764705882353,0.00785841127874934
Habba E.,0.8103448275862069,0.0,0.7411764705882353,0.00785841127874934
Biderman S.,0.8103448275862069,0.0,0.7411764705882353,0.00785841127874934
Chim J.,0.8103448275862069,0.0,0.7411764705882353,0.00785841127874934
Choshen L.,0.8103448275862069,0.0,0.7411764705882353,0.00785841127874934
Dhar R.,0.8103448275862069,0.0,0.7411764705882353,0.00785841127874934
Friedrich F.,0.8103448275862069,0.0,0.7411764705882353,0.00785841127874934
Ghosh A.,0.8103448275862069,0.0,0.7411764705882353,0.00785841127874934
Gohar U.,0.8103448275862069,0.0,0.7411764705882353,0.00785841127874934
Batzner J.,0.8103448275862069,0.0,0.7411764705882353,0.00785841127874934
Akhtar M.,0.8103448275862069,0.0,0.7411764705882353,0.00785841127874934
Moniz N.,0.8103448275862069,0.0,0.7411764705882353,0.00785841127874934
Mishra A.,0.8103448275862069,0.0,0.7411764705882353,0.00785841127874934
Mickel J.,0.8103448275862069,0.0,0.7411764705882353,0.00785841127874934
Manheim D.,0.8103448275862069,0.0,0.7411764705882353,0.00785841127874934
Manghnani K.,0.8103448275862069,0.0,0.7411764705882353,0.00785841127874934
Long Y.,0.8103448275862069,0.0,0.7411764705882353,0.00785841127874934
Reuel A.,0.8103448275862069,0.0,0.7411764705882353,0.00785841127874934
Nelaturu S.,0.8103448275862069,0.0,0.7411764705882353,0.00785841127874934
Talat Z.,0.8103448275862069,0.0,0.7411764705882353,0.00785841127874934
Yehudai A.,0.8103448275862069,0.0,0.7411764705882353,0.00785841127874934
Yadav S.,0.8103448275862069,0.0,0.7411764705882353,0.00785841127874934
Saha A.,0.8103448275862069,0.0,0.7411764705882353,0.00785841127874934
Rismani S.,0.8103448275862069,0.0,0.7411764705882353,0.00785841127874934
Riegler M.,0.8103448275862069,0.0,0.7411764705882353,0.00785841127874934
Stachura D.,0.8103448275862069,0.0,0.7411764705882353,0.00785841127874934
Tran A.,0.8103448275862069,0.0,0.7411764705882353,0.00785841127874934
Zhang Z.,0.15517241379310345,0.0,0.0,0.00740740740740741
Zhou J.,0.15517241379310345,0.0,0.0,0.00740740740740741
Tao K.,0.15517241379310345,0.0,0.0,0.00740740740740741
Wen Z.,0.15517241379310345,0.0,0.0,0.00740740740740741
Wang T.,0.15517241379310345,0.0,0.0,0.00740740740740741
Ning P.,0.15517241379310345,0.0,0.0,0.00740740740740741
Zhang W.,0.20689655172413793,0.0,0.0,0.00740740740740741
Yang X.,0.20689655172413793,0.0,0.0,0.00740740740740741
Xu W.,0.20689655172413793,0.0,0.0,0.00740740740740741
Mao Y.,0.20689655172413793,0.0,0.0,0.00740740740740741
Zheng R.,0.20689655172413793,0.0,0.0,0.00740740740740741
Ying R.,0.20689655172413793,0.0,0.0,0.00740740740740741
Mu Y.,0.20689655172413793,0.0,0.0,0.00740740740740741
Chen Q.,0.15517241379310345,0.0,0.0,0.00740740740740741
Tang X.,0.15517241379310345,0.0,0.0,0.00740740740740741
Cao Q.,0.15517241379310345,0.0,0.0,0.00740740740740741
Chu S.,0.20689655172413793,0.0,0.0,0.00740740740740741
Liu Z.,0.20689655172413793,0.0,0.0,0.00740740740740741
Ling L.,0.20689655172413793,0.0,0.0,0.00740740740740741
Kang J.,0.20689655172413793,0.0,0.0,0.00740740740740741
Liang Z.,0.20689655172413793,0.0,0.0,0.00740740740740741
Cai J.,0.20689655172413793,0.0,0.0,0.00740740740740741
Kong X.,0.15517241379310345,0.0,0.0,0.00740740740740741
Chen J.,0.06896551724137931,0.0,0.0,0.007407407407407408
Lin S.,0.017241379310344827,0.0,0.0,0.007407407407407408
Radji W.,0.05172413793103448,0.0,0.0,0.007407407407407408
Maillard O.,0.05172413793103448,0.0,0.0,0.007407407407407408
Ho M.,0.06896551724137931,0.0,0.0,0.007407407407407408
Qin L.,0.06896551724137931,0.0,0.0,0.007407407407407408
Liu B.,0.06896551724137931,0.0,0.0,0.007407407407407408
Nowé A.,0.034482758620689655,0.0,0.0,0.007407407407407408
Tahvildari L.,0.017241379310344827,0.0,0.0,0.007407407407407408
Gupta A.,0.08620689655172414,0.0,0.0,0.007407407407407408
Wang A.,0.06896551724137931,0.0,0.0,0.007407407407407408
Chulzhanov A.,0.034482758620689655,0.0,0.0,0.007407407407407408
Eberhardt S.,0.034482758620689655,0.0,0.0,0.007407407407407408
Osinenko P.,0.05172413793103448,0.0,0.0,0.007407407407407408
Malaniya G.,0.05172413793103448,0.0,0.0,0.007407407407407408
Ibrahim S.,0.05172413793103448,0.0,0.0,0.007407407407407408
Bolychev A.,0.05172413793103448,0.0,0.0,0.007407407407407408
Jin M.,0.034482758620689655,0.0,0.0,0.007407407407407408
Huang L.,0.034482758620689655,0.0,0.0,0.007407407407407408
Kim E.,0.05172413793103448,0.0,0.0,0.007407407407407408
Minnich A.,0.05172413793103448,0.0,0.0,0.007407407407407408
Russinovich M.,0.05172413793103448,0.0,0.0,0.007407407407407408
Beigi M.,0.034482758620689655,0.0,0.0,0.007407407407407408
Bullwinkel B.,0.05172413793103448,0.0,0.0,0.007407407407407408
Rosseau A.,0.034482758620689655,0.0,0.0,0.007407407407407408
Das U.,0.05172413793103448,0.0,0.0,0.007407407407407408
Basu D.,0.05172413793103448,0.0,0.0,0.007407407407407408
Leventhal S.,0.05172413793103448,0.0,0.0,0.007407407407407408
Bastian L.,0.05172413793103448,0.0,0.0,0.007407407407407408
Birdal T.,0.05172413793103448,0.0,0.0,0.007407407407407408
Hajij M.,0.05172413793103448,0.0,0.0,0.007407407407407408
Srinivasa S.,0.08620689655172414,0.0,0.0,0.007407407407407408
Shah P.,0.08620689655172414,0.0,0.0,0.007407407407407408
Pronovost E.,0.08620689655172414,0.0,0.0,0.007407407407407408
Pfeifer Q.,0.08620689655172414,0.0,0.0,0.007407407407407408
Khetarpal K.,0.08620689655172414,0.0,0.0,0.007407407407407408
Black P.,0.034482758620689655,0.0,0.0,0.007407407407407408
Suttie G.,0.034482758620689655,0.0,0.0,0.007407407407407408
Shahid A.,0.034482758620689655,0.0,0.0,0.007407407407407408
Lomuscio A.,0.034482758620689655,0.0,0.0,0.007407407407407408
Wang H.,0.05172413793103448,0.0,0.0,0.007407407407407408
Storkey A.,0.05172413793103448,0.0,0.0,0.007407407407407408
Sabharwal R.,0.05172413793103448,0.0,0.0,0.007407407407407408
Pan J.,0.05172413793103448,0.0,0.0,0.007407407407407408
Wicker M.,0.034482758620689655,0.0,0.0,0.007407407407407408
Mukherjee A.,0.034482758620689655,0.0,0.0,0.007407407407407408
Müller R.,0.034482758620689655,0.0,0.0,0.007407407407407408
Varghese S.,0.034482758620689655,0.0,0.0,0.007407407407407408
Kiggins A.,0.10344827586206896,0.0,0.3795180722891566,0.005479939061171859
Wu Y.,0.10344827586206896,0.0,0.3795180722891566,0.005479939061171859
Chen K.,0.10344827586206896,0.0,0.3795180722891566,0.005479939061171859
Xi X.,0.10344827586206896,0.0,0.3795180722891566,0.005479939061171859
Zhuang D.,0.10344827586206896,0.0,0.3795180722891566,0.005479939061171859
Huang J.,0.10344827586206896,0.0,0.3795180722891566,0.005479939061171859
Huang W.,0.1896551724137931,0.0,0.5478260869565217,0.005106079110474817
Qi X.,0.1896551724137931,0.0,0.5478260869565217,0.005106079110474817
Liu Y.,0.1896551724137931,0.0,0.5478260869565217,0.005106079110474817
Li Y.,0.1896551724137931,0.0,0.5478260869565217,0.005106079110474817
Zhu L.,0.1896551724137931,0.0,0.5478260869565217,0.005106079110474817
Zhang F.,0.1896551724137931,0.0,0.5478260869565217,0.005106079110474817
Wang Y.,0.1896551724137931,0.0,0.5478260869565217,0.005106079110474817
Qian S.,0.1896551724137931,0.0,0.5478260869565217,0.005106079110474817
Hu Z.,0.1896551724137931,0.0,0.5478260869565217,0.005106079110474817
